{
  "K": [
    [
      870.0066108685786,
      0.0,
      641.0675152567233
    ],
    [
      0.0,
      870.0066108685786,
      358.2967718163239
    ],
    [
      0.0,
      0.0,
      1.0
    ]
  ],
  "dist": [
    0.0058033432045776065,
    -0.011265210999824679,
    0.0,
    0.0,
    0.0
  ],
  "K_refined": [
    [
      869.3339000842581,
      0.0,
      640.9032260977889
    ],
    [
      0.0,
      869.3339000842581,
      358.4098133961986
    ],
    [
      0.0,
      0.0,
      1.0
    ]
  ],
  "dist_refined": [
    0.00581638015193377,
    -0.011265210999824679,
    0.0,
    0.0,
    0.0
  ],
  "K_GT": [
    [
      869.1168824543142,
      0.0,
      640.0
    ],
    [
      0.0,
      869.1168824543142,
      360.0
    ],
    [
      0.0,
      0.0,
      1.0
    ]
  ],
  "gripper_T_board_refined": [
    [
      0.9999999395001707,
      0.0002755876352894476,
      -0.00021225246785682345,
      -0.01998540856257722
    ],
    [
      0.0002991711037818831,
      -0.9927029876860675,
      0.12058477820938399,
      0.027656469079328165
    ],
    [
      -0.00017747198510658296,
      -0.12058483441383058,
      -0.9927030100755633,
      0.039037986849188744
    ],
    [
      0.0,
      0.0,
      0.0,
      1.0
    ]
  ],
  "gripper_T_board_GT": [
    [
      1.0,
      0.0,
      0.0,
      -0.02
    ],
    [
      0.0,
      -0.9928086368290683,
      0.11971219920128083,
      0.027676604437779445
    ],
    [
      0.0,
      -0.11971219920128083,
      -0.9928086368290683,
      0.03888345693926925
    ],
    [
      0.0,
      0.0,
      0.0,
      1.0
    ]
  ],
  "base_T_cam_refined": [
    [
      0.00077034414425739,
      0.09880673537328533,
      -0.9951063438722381,
      0.7004788127500244
    ],
    [
      0.9999996997023239,
      8.117878240648801e-06,
      0.0007749382955104522,
      0.00021798274580426535
    ],
    [
      8.464727523121995e-05,
      -0.9951066420132937,
      -0.09880669944829223,
      0.48006286017265637
    ],
    [
      0.0,
      0.0,
      0.0,
      1.0
    ]
  ],
  "base_T_cam_GT": [
    [
      -1.1102230246251565e-16,
      0.09983339671681901,
      -0.9950041672776966,
      0.7
    ],
    [
      1.0,
      1.1102230246251565e-16,
      -1.1102230246251565e-16,
      0.0
    ],
    [
      1.1102230246251565e-16,
      -0.9950041672776966,
      -0.09983339671681901,
      0.48
    ],
    [
      0.0,
      0.0,
      0.0,
      1.0
    ]
  ],
  "closed_form": {
    "LI": {
      "X": [
        [
          0.9999999395287648,
          0.0002756058432388242,
          -0.0002120940481091238,
          -0.019980750481311017
        ],
        [
          0.0002990306698741896,
          -0.9927974242281636,
          0.11980477881362568,
          0.027642452275089484
        ],
        [
          -0.0001775475275676841,
          -0.11980483499150799,
          -0.9927974466070776,
          0.03905509049707312
        ],
        [
          0.0,
          0.0,
          0.0,
          1.0
        ]
      ],
      "Z": [
        [
          0.0012487897988668756,
          0.09856089810086317,
          -0.9951302376521324,
          0.6998538932382421
        ],
        [
          0.9999991199968333,
          0.0003225433732823857,
          0.001286845496220032,
          0.00021798233619245433
        ],
        [
          0.0004478053115325453,
          -0.9951309689339005,
          -0.09856040857808665,
          0.4800401916133899
        ],
        [
          0.0,
          0.0,
          0.0,
          1.0
        ]
      ]
    }
  },
  "reproj_rms_px": 0.15144922713277026,
  "n_views": 18
}